RA018-Z001WU1B-A02,E7IGW7-000644,T-CDEGS1103,AUTOGRIDPRO,Start Time:2018-07-06 11:52:07
RA018-Z001WU1B-A02,E7IGW7-000644,T-CDEGS1103,AUTOGRIDPRO,End   Time:2018-07-06 12:06:44
RA018-Z001WU1B-A02,E7IGW7-000644,T-CDEGS1103,AUTOGRIDPRO,2018-07-06 11:52:07,2018-07-06 12:06:44,          877.00
z003h8ja,E7IGC7-000053,T-CDEGS1103,AUTOGRIDPRO,Start Time:2018-07-06 12:15:04
z003h8ja,E7IGC7-000053,T-CDEGS1103,GRAREP14,Start Time:2018-07-06 12:16:19
z003h8ja,E7IGC7-000053,T-CDEGS1103,AUTOGRIDPRO,End   Time:2018-07-06 12:19:36
z003h8ja,E7IGC7-000053,T-CDEGS1103,AUTOGRIDPRO,2018-07-06 12:15:04,2018-07-06 12:19:36,          272.00
z003h8ja,E7IGC7-000053,T-CDEGS1103,GRAREP14,End   Time:2018-07-06 12:19:42
z003h8ja,E7IGC7-000053,T-CDEGS1103,GRAREP14,2018-07-06 12:16:19,2018-07-06 12:19:42,          203.00
